[
{
    "pk": 1, 
    "model": "projects.role", 
    "fields": {
        "name": "Implementing Agent"
    }
},
{
  "pk": 1, 
  "model": "projects.client", 
  "fields": {
    "name": "DCSR", 
    "description": "Department of Culture, Sport and Recreation"
  }
},
{
  "pk": 2, 
  "model": "projects.client", 
  "fields": {
    "name": "DEDET", 
    "description": "Department of Economic Development and Planning"
  }
},
{
  "pk": 3, 
  "model": "projects.client", 
  "fields": {
    "name": "DoE", 
    "description": "Department of Education"
  }
},
{
  "pk": 4, 
  "model": "projects.client", 
  "fields": {
    "name": "DoH", 
    "description": "Department of Health"
  }
},
{
  "pk": 5, 
  "model": "projects.client", 
  "fields": {
    "name": "DSD", 
    "description": "Department of Social Development"
  }
},
{
  "pk": 6, 
  "model": "projects.client", 
  "fields": {
    "name": "DSSL", 
    "description": "Department of Safety, Security and Liaison"
  }
},
{
  "pk": 2, 
  "model": "projects.district", 
  "fields": {
    "name": "Gert Sibande", 
    "description": ""
  }
},
{
  "pk": 3, 
  "model": "projects.district", 
  "fields": {
    "name": "Nkangala", 
    "description": ""
  }
},
{
  "pk": 4, 
  "model": "projects.district", 
  "fields": {
    "name": "Ehlanzeni", 
    "description": ""
  }
},
{
  "pk": 5, 
  "model": "projects.district", 
  "fields": {
    "name": "Unknown", 
    "description": ""
  }
},
{
  "pk": 3, 
  "model": "projects.municipality", 
  "fields": {
    "name": "Albert Luthuli", 
    "district": 2, 
    "description": ""
  }
},
{
  "pk": 4, 
  "model": "projects.municipality", 
  "fields": {
    "name": "Msukaligwa", 
    "district": 2, 
    "description": ""
  }
},
{
  "pk": 5, 
  "model": "projects.municipality", 
  "fields": {
    "name": "Mkhondo", 
    "district": 2, 
    "description": ""
  }
},
{
  "pk": 6, 
  "model": "projects.municipality", 
  "fields": {
    "name": "Pixley ka Seme", 
    "district": 2, 
    "description": ""
  }
},
{
  "pk": 7, 
  "model": "projects.municipality", 
  "fields": {
    "name": "Lekwa", 
    "district": 2, 
    "description": ""
  }
},
{
  "pk": 8, 
  "model": "projects.municipality", 
  "fields": {
    "name": "Dipaleseng", 
    "district": 2, 
    "description": ""
  }
},
{
  "pk": 9, 
  "model": "projects.municipality", 
  "fields": {
    "name": "Govan Mbeki", 
    "district": 2, 
    "description": ""
  }
},
{
  "pk": 10, 
  "model": "projects.municipality", 
  "fields": {
    "name": "Delmas", 
    "district": 3, 
    "description": ""
  }
},
{
  "pk": 11, 
  "model": "projects.municipality", 
  "fields": {
    "name": "Emalahleni", 
    "district": 3, 
    "description": ""
  }
},
{
  "pk": 12, 
  "model": "projects.municipality", 
  "fields": {
    "name": "Steve Tshwete", 
    "district": 3, 
    "description": ""
  }
},
{
  "pk": 13, 
  "model": "projects.municipality", 
  "fields": {
    "name": "Emakhazeni", 
    "district": 3, 
    "description": ""
  }
},
{
  "pk": 14, 
  "model": "projects.municipality", 
  "fields": {
    "name": "Thembisile Hani", 
    "district": 3, 
    "description": ""
  }
},
{
  "pk": 15, 
  "model": "projects.municipality", 
  "fields": {
    "name": "Dr JS Moroka", 
    "district": 3, 
    "description": ""
  }
},
{
  "pk": 16, 
  "model": "projects.municipality", 
  "fields": {
    "name": "Thaba Chweu", 
    "district": 4, 
    "description": ""
  }
},
{
  "pk": 17, 
  "model": "projects.municipality", 
  "fields": {
    "name": "Mbombela", 
    "district": 4, 
    "description": ""
  }
},
{
  "pk": 18, 
  "model": "projects.municipality", 
  "fields": {
    "name": "Umjindi", 
    "district": 4, 
    "description": ""
  }
},
{
  "pk": 19, 
  "model": "projects.municipality", 
  "fields": {
    "name": "Nkomazi", 
    "district": 4, 
    "description": ""
  }
},
{
  "pk": 20, 
  "model": "projects.municipality", 
  "fields": {
    "name": "Bushbuckridge", 
    "district": 4, 
    "description": ""
  }
},
{
  "pk": 21, 
  "model": "projects.municipality", 
  "fields": {
    "name": "Unknown", 
    "district": 5, 
    "description": "Used as a placeholder for unknown municipalities"
  }
},
{
  "pk": 1, 
  "model": "auth.group", 
  "fields": {
    "name": "DCSR", 
    "permissions": []
  }
},
{
  "pk": 2, 
  "model": "auth.group", 
  "fields": {
    "name": "DEDET", 
    "permissions": []
  }
},
{
  "pk": 3, 
  "model": "auth.group", 
  "fields": {
    "name": "DoE", 
    "permissions": []
  }
},
{
  "pk": 4, 
  "model": "auth.group", 
  "fields": {
    "name": "DoH", 
    "permissions": []
  }
},
{
  "pk": 5, 
  "model": "auth.group", 
  "fields": {
    "name": "DSD", 
    "permissions": []
  }
},
{
  "pk": 6, 
  "model": "auth.group", 
  "fields": {
    "name": "DSSL", 
    "permissions": []
  }
},
{
  "pk": 7, 
  "model": "auth.group", 
  "fields": {
    "name": "Gert Sibande", 
    "permissions": []
  }
},
{
  "pk": 8, 
  "model": "auth.group", 
  "fields": {
    "name": "Nkangala", 
    "permissions": []
  }
},
{
  "pk": 9, 
  "model": "auth.group", 
  "fields": {
    "name": "Ehlanzeni", 
    "permissions": []
  }
},
{
    "pk": 1, 
    "model": "projects.scopecode", 
    "fields": {
        "code": "C", 
        "name": "Classroom", 
        "description": ""
    }
},
{
    "pk": 2, 
    "model": "projects.scopecode", 
    "fields": {
        "code": "CC", 
        "name": "Computer Centre", 
        "description": ""
    }
},
{
    "pk": 3, 
    "model": "projects.scopecode", 
    "fields": {
        "code": "LIB", 
        "name": "Library", 
        "description": ""
    }
},
{
    "pk": 4, 
    "model": "projects.scopecode", 
    "fields": {
        "code": "LAB", 
        "name": "Laboratory", 
        "description": ""
    }
},
{
    "pk": 5, 
    "model": "projects.scopecode", 
    "fields": {
        "code": "KIT", 
        "name": "Kitchen", 
        "description": ""
    }
},
{
    "pk": 6, 
    "model": "projects.scopecode", 
    "fields": {
        "code": "R&R", 
        "name": "Rails & Ramps", 
        "description": ""
    }
},
{
    "pk": 7, 
    "model": "projects.scopecode", 
    "fields": {
        "code": "H/E", 
        "name": "Home Economics", 
        "description": ""
    }
},
{
    "pk": 8, 
    "model": "projects.scopecode", 
    "fields": {
        "code": "SG", 
        "name": "Sports Ground", 
        "description": ""
    }
},
{
    "pk": 9, 
    "model": "projects.scopecode", 
    "fields": {
        "code": "PA", 
        "name": "Parking Areas", 
        "description": ""
    }
},
{
    "pk": 10, 
    "model": "projects.scopecode", 
    "fields": {
        "code": "AD", 
        "name": "Administration Block", 
        "description": ""
    }
},
{
    "pk": 11, 
    "model": "projects.scopecode", 
    "fields": {
        "code": "SH", 
        "name": "School Hall", 
        "description": ""
    }
},
{
    "pk": 12, 
    "model": "projects.scopecode", 
    "fields": {
        "code": "T", 
        "name": "Toilet", 
        "description": ""
    }
},
{
    "pk": 13, 
    "model": "projects.scopecode", 
    "fields": {
        "code": "W", 
        "name": "Water Supply", 
        "description": ""
    }
},
{
    "pk": 14, 
    "model": "projects.scopecode", 
    "fields": {
        "code": "E", 
        "name": "Electricity Supply", 
        "description": ""
    }
},
{
    "pk": 15, 
    "model": "projects.scopecode", 
    "fields": {
        "code": "BD", 
        "name": "Boarding School", 
        "description": ""
    }
},
{
    "pk": 16, 
    "model": "projects.scopecode", 
    "fields": {
        "code": "F", 
        "name": "Fencing", 
        "description": ""
    }
},
{
    "pk": 1, 
    "model": "projects.programme", 
    "fields": {
        "client": 3, 
        "name": "Mud Schools", 
        "description": ""
    }
},
{
    "pk": 2, 
    "model": "projects.programme", 
    "fields": {
        "client": 3, 
        "name": "Mud and Unsafe Structures (Conventional)", 
        "description": ""
    }
},
{
    "pk": 3, 
    "model": "projects.programme", 
    "fields": {
        "client": 3, 
        "name": "Substitution of Unsafe Structures", 
        "description": ""
    }
},
{
    "pk": 4, 
    "model": "projects.programme", 
    "fields": {
        "client": 3, 
        "name": "Technical Schools", 
        "description": ""
    }
},
{
    "pk": 5, 
    "model": "projects.programme", 
    "fields": {
        "client": 3, 
        "name": "New Schools", 
        "description": ""
    }
},
{
    "pk": 6, 
    "model": "projects.programme", 
    "fields": {
        "client": 3, 
        "name": "Special Schools", 
        "description": ""
    }
},
{
    "pk": 7, 
    "model": "projects.programme", 
    "fields": {
        "client": 3, 
        "name": "Boarding Schools", 
        "description": ""
    }
},
{
    "pk": 8, 
    "model": "projects.programme", 
    "fields": {
        "client": 3, 
        "name": "Refurbishment and Renovation", 
        "description": ""
    }
},
{
    "pk": 9, 
    "model": "projects.programme", 
    "fields": {
        "client": 3, 
        "name": "Mud Schools (Unconventional to Conventional)", 
        "description": ""
    }
},
{
    "pk": 10, 
    "model": "projects.programme", 
    "fields": {
        "client": 3, 
        "name": "Mud Schools (Unconventional)", 
        "description": ""
    }
},
{
    "pk": 11, 
    "model": "projects.programme", 
    "fields": {
        "client": 3, 
        "name": "Grade R", 
        "description": ""
    }
},
{
    "pk": 12, 
    "model": "projects.programme", 
    "fields": {
        "client": 3, 
        "name": "Substitute Schools", 
        "description": ""
    }
},
{
    "pk": 13, 
    "model": "projects.programme", 
    "fields": {
        "client": 3, 
        "name": "Storm Damage", 
        "description": ""
    }
},
{
    "pk": 14, 
    "model": "projects.programme", 
    "fields": {
        "client": 3, 
        "name": "DoE Special Projects", 
        "description": ""
    }
},
{
    "pk": 15, 
    "model": "projects.programme", 
    "fields": {
        "client": 3, 
        "name": "Maintenance", 
        "description": ""
    }
},
{
    "pk": 16, 
    "model": "projects.programme", 
    "fields": {
        "client": 3, 
        "name": "Singita", 
        "description": ""
    }
},
{
    "pk": 17, 
    "model": "projects.programme", 
    "fields": {
        "client": 3, 
        "name": "Enviroloo Toilet", 
        "description": ""
    }
},
{
    "pk": 18, 
    "model": "projects.programme", 
    "fields": {
        "client": 3, 
        "name": "Upgrade and Addition", 
        "description": ""
    }
},
{
    "pk": 19, 
    "model": "projects.programme", 
    "fields": {
        "client": 3, 
        "name": "Current", 
        "description": ""
    }
},
{
    "pk": 20, 
    "model": "projects.programme", 
    "fields": {
        "client": 3, 
        "name": "IDT Mud Schools", 
        "description": ""
    }
},
{
    "pk": 21, 
    "model": "projects.programme", 
    "fields": {
        "client": 3, 
        "name": "Intervention", 
        "description": ""
    }
},
{
    "pk": 1, 
    "model": "projects.entity", 
    "fields": {
        "name": "DPWRT"
    }
},
{
    "pk": 2, 
    "model": "projects.entity", 
    "fields": {
        "name": "IDT"
    }
},
{
    "pk": 1, 
    "model": "projects.role", 
    "fields": {
        "name": "Implementing Agent"
    }
},
{
    "pk": 2, 
    "model": "projects.role", 
    "fields": {
        "name": "Consultant"
    }
},
{
    "pk": 3, 
    "model": "projects.role", 
    "fields": {
        "name": "Contractor"
    }
}
]
